{
  "epochs": 10,
  "loss": [2.30259,2.30259,2.30259,2.30259,2.30259,2.30259,2.30259,2.30259,2.30259,2.30259],
  "accuracy": [0.099054,0.099054,0.099054,0.099054,0.099054,0.099054,0.099054,0.099054,0.099054,0.099054],
  "margin": [8.01018e-05,7.91189e-05,8.06741e-05,8.13296e-05,7.78274e-05,8.21594e-05,7.91371e-05,8.10802e-05,8.21968e-05,7.68362e-05]
}
