{
  "epochs": 60,
  "loss": [2.26772,2.20166,2.14761,2.08252,2.0046,1.93714,1.87147,1.82379,1.78403,1.75573,1.73457,1.71856,1.70706,1.69807,1.69102,1.68845,1.68741,1.68429,1.68226,1.68454,1.68193,1.68135,1.68031,1.68187,1.68198,1.68261,1.68127,1.68104,1.68221,1.68419,1.68467,1.68474,1.68417,1.68412,1.68426,1.68309,1.68473,1.6846,1.68621,1.68423,1.68424,1.68489,1.68391,1.68347,1.68261,1.68272,1.68281,1.684,1.68314,1.68275,1.68283,1.68344,1.6817,1.6822,1.6817,1.68089,1.68071,1.68085,1.6787,1.67991],
  "accuracy": [0.208125,0.368948,0.546466,0.663884,0.711742,0.739009,0.810239,0.795771,0.826934,0.80857,0.830273,0.821925,0.829716,0.831386,0.841402,0.841402,0.828047,0.831386,0.823038,0.820812,0.838063,0.81803,0.823595,0.824708,0.825264,0.821925,0.825264,0.831942,0.826934,0.819699,0.820812,0.81803,0.810796,0.815248,0.816917,0.824151,0.824151,0.819143,0.819699,0.829716,0.823038,0.820812,0.81803,0.809126,0.823038,0.826377,0.816917,0.813022,0.824708,0.825821,0.821369,0.823595,0.82749,0.820812,0.823595,0.820812,0.824708,0.826934,0.82916,0.821925],
  "margin": [0.0297899,0.0412232,0.0606218,0.0745714,0.0930861,0.113392,0.126446,0.136069,0.146674,0.146302,0.157638,0.155672,0.158573,0.158522,0.159638,0.159955,0.149388,0.149218,0.150331,0.148514,0.145664,0.143974,0.145186,0.140648,0.139914,0.138663,0.137789,0.139045,0.13495,0.132934,0.13125,0.132651,0.133949,0.134745,0.132569,0.134004,0.133448,0.133161,0.13052,0.133161,0.134038,0.13134,0.131274,0.132942,0.133475,0.13337,0.132656,0.132432,0.131289,0.135179,0.1368,0.133903,0.134685,0.134956,0.136193,0.138893,0.140965,0.138659,0.141604,0.142206]
}
