{
  "generations": 12,
  "best_fitness": [1.22802,1.22802,1.22802,1.22802,1.22802,1.22802,1.25441,1.28226,1.30157,1.2772,1.25248,1.24129],
  "best_acc": [1,1,1,1,1,1,1,1,1,1,1,1],
  "best_margin": [0.456043,0.45604,0.45604,0.456043,0.456037,0.45604,0.508815,0.564522,0.603133,0.554406,0.50497,0.482579]
}
