{
  "epochs": 60,
  "accuracy": [0.166667,0.166667,0.166667,0.166667,0.166667,0.166667,0.166667,0.166667,0.166667,0.166667,0.166667,0.166667,0.166667,0.166667,0.166667,0.166667,0.166667,0.166667,0.166667,0.166667,0.166667,0.166667,0.166667,0.166667,0.166667,0.166667,0.166667,0.166667,0.166667,0.166667,0.166667,0.166667,0.166667,0.166667,0.166667,0.166667,0.166667,0.166667,0.166667,0.166667,0.166667,0.166667,0.166667,0.166667,0.166667,0.166667,0.166667,0.166667,0.166667,0.166667,0.166667,0.166667,0.166667,0.166667,0.166667,0.166667,0.166667,0.166667,0.166667,0.166667],
  "margin": [0,0,0,0,0,0,0,0,0,0,0,0,0,0,0,0,0,0,0,0,0,0,0,0,0,0,0,0,0,0,0,0,0,0,0,0,0,0,0,0,0,0,0,0,0,0,0,0,0,0,0,0,0,0,0,0,0,0,0,0]
}
