{
  "epochs": 60,
  "accuracy": [0.183333,0.166667,0.166667,0.166667,0.166667,0.166667,0.166667,0.166667,0.166667,0.166667,0.166667,0.166667,0.166667,0.166667,0.166667,0.166667,0.166667,0.166667,0.166667,0.166667,0.166667,0.166667,0.166667,0.166667,0.166667,0.166667,0.166667,0.166667,0.166667,0.166667,0.166667,0.166667,0.166667,0.166667,0.166667,0.166667,0.166667,0.166667,0.166667,0.166667,0.166667,0.166667,0.166667,0.166667,0.166667,0.166667,0.166667,0.166667,0.166667,0.166667,0.166667,0.166667,0.166667,0.166667,0.166667,0.166667,0.166667,0.166667,0.166667,0.166667],
  "margin": [3.68562e-06,0,0,0,0,0,0,0,0,0,0,0,0,0,0,0,0,0,0,0,0,0,0,0,0,0,0,0,0,0,0,0,0,0,0,0,0,0,0,0,0,0,0,0,0,0,0,0,0,0,0,0,0,0,0,0,0,0,0,0]
}
