{
  "epochs": 80,
  "accuracy": [0.0833333,0.0625,0.0708333,0.0666667,0.075,0.0833333,0.0791667,0.0791667,0.0625,0.0791667,0.0416667,0.0833333,0.0458333,0.075,0.0708333,0.0458333,0.0833333,0.0791667,0.0666667,0.0833333,0.075,0.0666667,0.0666667,0.0583333,0.0708333,0.0916667,0.0708333,0.104167,0.0583333,0.0625,0.0875,0.0625,0.0541667,0.0666667,0.0791667,0.0458333,0.0458333,0.0666667,0.0791667,0.0666667,0.0833333,0.0583333,0.0708333,0.0666667,0.0875,0.075,0.05,0.0541667,0.0583333,0.0791667,0.075,0.0708333,0.0541667,0.0791667,0.0833333,0.075,0.0583333,0.0833333,0.0666667,0.0708333,0.075,0.0916667,0.0708333,0.0916667,0.0458333,0.0875,0.0875,0.0541667,0.0916667,0.0625,0.0833333,0.0916667,0.0625,0.0625,0.0583333,0.0708333,0.0625,0.0708333,0.0916667,0.0708333],
  "margin": [0.00469447,0.00644458,0.00606486,0.00540262,0.00628006,0.00685939,0.00618961,0.00525114,0.00693062,0.00561338,0.00490603,0.00520672,0.00538752,0.00433146,0.00608418,0.00440972,0.00661544,0.00617507,0.00564906,0.00431038,0.00679725,0.00567555,0.00470708,0.00544839,0.00548984,0.00464589,0.00589737,0.00586097,0.00530181,0.00561124,0.00440874,0.00516982,0.00483162,0.00564209,0.00608305,0.0062491,0.00454778,0.00472992,0.00558282,0.00505387,0.00624831,0.005655,0.00519865,0.00563161,0.00449386,0.00631876,0.00419972,0.00441743,0.00556362,0.00516806,0.00586353,0.00577575,0.00529813,0.00489657,0.00570099,0.00610951,0.0047453,0.00516805,0.00596476,0.00480746,0.00519543,0.00575101,0.00571459,0.00556973,0.00550086,0.00580327,0.00582566,0.00490289,0.0040472,0.00496627,0.00530369,0.00601548,0.005638,0.0048489,0.0052844,0.00680617,0.00639874,0.00690547,0.00453188,0.00498227]
}
