{
  "epochs": 80,
  "accuracy": [0.0111111,0,0,0.0111111,0,0.0111111,0.0111111,0,0.0111111,0.0111111,0.0222222,0.0111111,0,0.0111111,0.0444444,0.0222222,0.0333333,0,0,0.0333333,0.0222222,0,0.0111111,0,0.0222222,0,0.0111111,0.0111111,0.0444444,0.0111111,0,0,0.0333333,0.0222222,0.0111111,0.0444444,0.0444444,0,0.0333333,0,0.0333333,0.0222222,0.0333333,0,0.0333333,0.0222222,0.0222222,0.0444444,0.0222222,0,0.0111111,0.0111111,0.0111111,0.0555556,0.0333333,0.0222222,0.0555556,0.0222222,0.0222222,0.0444444,0.0333333,0.0222222,0,0.0555556,0.0222222,0.0111111,0,0,0.0222222,0.0111111,0.0111111,0.0222222,0.0222222,0.0111111,0.0333333,0.0333333,0,0.0333333,0.0111111,0.0111111],
  "margin": [0.0653534,0.0616065,0.0579971,0.0542084,0.0514098,0.0479459,0.0508385,0.046337,0.0430992,0.0426136,0.040824,0.0427718,0.0381619,0.0383512,0.0357556,0.0335355,0.0341023,0.0339299,0.0327618,0.0320523,0.0314528,0.0309128,0.0332738,0.030168,0.0265716,0.0271874,0.0270229,0.0281658,0.027465,0.0270583,0.0244031,0.0233274,0.0269338,0.0249778,0.0251851,0.0239474,0.0212265,0.0213709,0.0202026,0.0219812,0.0215384,0.0218211,0.0226473,0.0189311,0.0210089,0.0167503,0.0201213,0.0198553,0.0193061,0.0219431,0.02051,0.0215362,0.0202011,0.0213961,0.0161994,0.0168921,0.0141236,0.0157878,0.0163581,0.0192265,0.0148247,0.0192992,0.0154215,0.0149182,0.0152849,0.0122163,0.0177568,0.0137822,0.0165304,0.0164046,0.0164845,0.0150557,0.0152593,0.0145528,0.0126753,0.0139462,0.0149105,0.0124834,0.0149495,0.014461]
}
