{
  "epochs": 80,
  "accuracy": [0.333333,0.333333,0.333333,0.333333,0,0.333333,0.333333,0,0.333333,0.333333,0,0.333333,0.333333,0.333333,0.333333,0.333333,0.333333,0.333333,0.333333,0.333333,0,0.333333,0.333333,0.333333,0.333333,0,0.333333,0.333333,0.333333,0.333333,0.333333,0.333333,0.333333,0,0.333333,0.333333,0.333333,0.333333,0,0.333333,0.333333,0.333333,0.333333,0.333333,0,0.333333,0.333333,0.333333,0.333333,0,0.333333,0.333333,0.333333,0,0.333333,0.333333,0.333333,0,0.333333,0,0.333333,0,0.333333,0.333333,0,0.333333,0.333333,0.333333,0.333333,0.333333,0,0.333333,0.333333,0.333333,0.333333,0.333333,0.333333,0,0.333333,0.333333],
  "margin": [0,0.00276805,7.21294e-06,9.86754e-05,6.70425e-05,0.000692966,0.00183638,0.000959944,0.00772152,6.50968e-06,1.72509e-05,4.78521e-06,0.00276805,7.21294e-06,3.19248e-05,8.46018e-05,0.000692966,0.00183638,0.00486648,0.0128963,0.0110743,0.00772152,0,0.0027508,3.72355e-05,4.91757e-05,8.46018e-05,0.000414904,0.00183638,0.00291374,0.0128963,7.99218e-06,0,1.48184e-05,9.8123e-06,2.73715e-05,7.63531e-05,0.000355728,0.00020861,0.000895558,0.00249817,0.00696867,0.000658318,0,8.04623e-06,8.8556e-06,1.47905e-05,0.000212988,0.000594132,0.000338296,0.00276805,0.00772152,7.99218e-06,2.01206e-05,5.30217e-06,1.63883e-05,4.57154e-05,5.8509e-05,0.000355728,0.000207012,0.00165734,0.00151587,0.0041724,0.000658318,2.11796e-05,5.30217e-06,2.88121e-05,8.46018e-05,0.000148737,0.000729438,0.000433063,0.00121829,0.011057,0.00733544,0,6.6443e-05,2.73715e-05,3.28198e-05,7.63531e-05,0.000414904]
}
