{
  "epochs": 80,
  "accuracy": [0.933333,0.955556,0.933333,0.911111,0.922222,0.922222,0.866667,0.888889,0.855556,0.888889,0.9,0.944444,0.888889,0.933333,0.944444,0.966667,0.933333,0.922222,0.922222,0.922222,0.944444,0.9,0.9,0.944444,0.933333,0.9,0.877778,0.877778,0.911111,0.966667,0.933333,0.955556,0.944444,0.955556,0.988889,0.955556,0.911111,0.955556,0.922222,0.911111,0.977778,0.966667,0.922222,0.933333,0.944444,0.922222,0.922222,0.955556,0.944444,0.966667,0.911111,0.933333,0.955556,0.966667,0.966667,0.955556,0.955556,0.933333,0.944444,0.955556,0.922222,0.955556,0.944444,0.977778,0.966667,0.966667,0.977778,0.9,0.944444,0.955556,0.944444,0.911111,1,0.922222,0.944444,0.966667,0.955556,0.966667,0.966667,0.955556],
  "margin": [0.0427932,0.0440498,0.0403114,0.0410686,0.0456055,0.0428633,0.0399982,0.0370356,0.0340959,0.0353495,0.0365384,0.0377047,0.0390552,0.0418259,0.0387369,0.042264,0.0420944,0.0420271,0.04036,0.0424042,0.0456455,0.0428349,0.0394007,0.0443591,0.0401907,0.0400068,0.037828,0.036168,0.0342488,0.0381226,0.0411492,0.0398462,0.0408175,0.0411194,0.0402577,0.0404916,0.0380369,0.0413097,0.0394964,0.0372011,0.0404935,0.0389823,0.04025,0.0395368,0.0411944,0.0393944,0.0366253,0.0352485,0.0357786,0.0348837,0.0322286,0.0360563,0.0364726,0.0367416,0.0355674,0.0366986,0.0364596,0.0347301,0.0388122,0.0326796,0.040017,0.0364141,0.0366084,0.0358583,0.0377033,0.0375719,0.0397035,0.0361505,0.0399521,0.0390419,0.0349571,0.0355603,0.033909,0.0362143,0.034582,0.0343667,0.0337226,0.0343735,0.0356089,0.0358879]
}
