{
  "epochs": 80,
  "accuracy": [0.833333,0.833333,0.811111,0.777778,0.8,0.788889,0.833333,0.833333,0.888889,0.9,0.844444,0.955556,0.955556,0.933333,0.955556,0.922222,0.977778,0.944444,0.944444,0.977778,0.933333,0.911111,0.988889,0.944444,0.877778,0.966667,0.911111,0.911111,0.944444,0.922222,0.966667,0.922222,0.966667,0.966667,0.988889,0.966667,0.933333,0.955556,0.944444,0.911111,0.922222,0.911111,0.9,0.9,0.877778,0.877778,0.9,0.933333,0.922222,0.966667,0.955556,0.955556,0.933333,0.977778,0.966667,0.933333,0.955556,0.966667,0.944444,0.944444,1,0.955556,0.966667,0.955556,0.977778,0.988889,0.955556,0.966667,0.955556,0.966667,0.944444,0.922222,0.933333,0.944444,0.933333,0.955556,0.977778,0.944444,0.933333,0.933333],
  "margin": [0.0340035,0.0366077,0.0343916,0.0350136,0.0341545,0.0336534,0.0304039,0.0320641,0.0330328,0.0325477,0.0318851,0.03215,0.0333612,0.034109,0.0334793,0.0344462,0.0347533,0.0376588,0.0369819,0.0357169,0.0328313,0.0335014,0.0327347,0.0334596,0.0308823,0.0330635,0.0302641,0.0292414,0.0304247,0.0308595,0.0288487,0.0291623,0.0313193,0.031155,0.0313553,0.031201,0.0287968,0.0334988,0.0330759,0.0315661,0.030053,0.0304421,0.0293208,0.0306471,0.0287862,0.0282896,0.0288343,0.0258632,0.0323523,0.0309479,0.025968,0.0263816,0.0296478,0.0305528,0.028599,0.0291239,0.0273096,0.031647,0.0282094,0.0260966,0.0291197,0.0305642,0.0309452,0.0325175,0.0337413,0.0343623,0.0295077,0.0300797,0.0290973,0.0326418,0.0285174,0.0291328,0.0280384,0.0249428,0.0295705,0.0259179,0.0269708,0.0256894,0.0261343,0.0284592]
}
