{
  "epochs": 80,
  "accuracy": [0.666667,0.677778,0.666667,0.677778,0.677778,0.677778,0.722222,0.677778,0.711111,0.677778,0.688889,0.755556,0.744444,0.744444,0.766667,0.755556,0.766667,0.777778,0.822222,0.777778,0.833333,0.822222,0.888889,0.877778,0.844444,0.833333,0.866667,0.844444,0.877778,0.888889,0.888889,0.855556,0.888889,0.877778,0.922222,0.9,0.866667,0.9,0.933333,0.944444,0.911111,0.911111,0.9,0.944444,0.9,0.855556,0.966667,0.944444,0.922222,0.944444,0.933333,0.944444,0.966667,0.966667,0.955556,0.966667,0.966667,0.955556,0.933333,0.922222,0.966667,0.977778,0.955556,0.966667,0.966667,1,0.944444,0.888889,0.988889,0.922222,0.966667,0.966667,0.966667,0.977778,0.988889,0.955556,0.977778,0.977778,0.988889,0.977778],
  "margin": [0.0540665,0.0504153,0.0483406,0.047239,0.0436463,0.0446253,0.0405627,0.0396246,0.0387407,0.0409752,0.0387539,0.0378183,0.0393031,0.0362042,0.0355609,0.0363724,0.0373263,0.0369471,0.0351218,0.036337,0.03312,0.035597,0.0340441,0.0350365,0.0342852,0.0352729,0.0335165,0.0353185,0.0344723,0.0328551,0.0332935,0.0326781,0.0314817,0.0326289,0.033646,0.0328883,0.0336715,0.0335614,0.0339279,0.0350803,0.0334431,0.0319592,0.0332016,0.0323598,0.0332611,0.0340806,0.0323437,0.0347422,0.0345354,0.0327271,0.0335198,0.0327298,0.0324042,0.0327472,0.032554,0.0324863,0.0333671,0.0338827,0.028156,0.0289277,0.0328583,0.0310588,0.032687,0.0312498,0.031985,0.0312447,0.0346076,0.0316423,0.0324273,0.0319434,0.0339322,0.0332983,0.0325023,0.0331331,0.0336518,0.0321431,0.034283,0.0309524,0.0301828,0.0337695]
}
