{
  "epochs": 80,
  "accuracy": [0.333333,0.333333,0.333333,0.333333,0.333333,0.333333,0.333333,0.333333,0.333333,0.333333,0.333333,0.333333,0.333333,0.333333,0.333333,0.333333,0.333333,0.333333,0.333333,0.333333,0.333333,0.333333,0.333333,0.333333,0.333333,0.333333,0.333333,0.333333,0.333333,0.333333,0.333333,0.333333,0.333333,0.333333,0.333333,0.333333,0.333333,0.333333,0.333333,0.333333,0.333333,0.333333,0.333333,0.333333,0.333333,0.333333,0.333333,0.333333,0.333333,0.333333,0.333333,0.333333,0.333333,0.333333,0.333333,0.333333,0.333333,0.333333,0.333333,0.333333,0.333333,0.333333,0.333333,0.333333,0.333333,0.333333,0.333333,0.333333,0.333333,0.333333,0.333333,0.333333,0.333333,0.333333,0.333333,0.333333,0.333333,0.333333,0.333333,0.333333],
  "margin": [0.0208137,0.0204623,0.021907,0.0179153,0.0212929,0.0186101,0.0201107,0.0215348,0.018768,0.0197058,0.0173505,0.0190913,0.0193213,0.0208147,0.0169473,0.0181556,0.0162905,0.0161641,0.0158752,0.0161158,0.018165,0.0174131,0.0195947,0.0159308,0.0152287,0.0155264,0.0182748,0.0164447,0.0157003,0.0157153,0.0145785,0.0183851,0.0139394,0.014782,0.0159642,0.015233,0.0152496,0.0142122,0.0151467,0.0116761,0.0144728,0.0139812,0.0165646,0.0142871,0.013992,0.0134029,0.0152902,0.0134276,0.0134835,0.0144625,0.0137583,0.0128882,0.0143556,0.0129817,0.0108844,0.0124956,0.0141027,0.0147643,0.0112162,0.0130747,0.0162303,0.0141876,0.0142881,0.0113939,0.0127824,0.0141779,0.0136013,0.0120182,0.0127313,0.011696,0.0129582,0.0123125,0.0131534,0.0117379,0.0127955,0.0143908,0.0111347,0.0107829,0.0128489,0.0101356]
}
