{
  "epochs": 50,
  "loss": [2.2921,2.25993,2.22518,2.20616,2.17315,2.1503,2.1213,2.0906,2.05819,2.02671,1.99991,1.9757,1.95625,1.93934,1.92593,1.9141,1.90308,1.89546,1.88903,1.88397,1.8794,1.87571,1.87185,1.86815,1.865,1.86232,1.86116,1.86003,1.8585,1.85774,1.85576,1.85595,1.85433,1.85373,1.85387,1.85171,1.85211,1.85225,1.85102,1.85117,1.85241,1.85328,1.85488,1.8535,1.85373,1.85447,1.85395,1.8548,1.85284,1.85425],
  "accuracy": [0.138564,0.159154,0.226489,0.258208,0.363383,0.383973,0.454647,0.549249,0.623261,0.652198,0.702838,0.720089,0.745131,0.759043,0.771285,0.770729,0.769616,0.777963,0.782972,0.791319,0.78798,0.785754,0.788536,0.794101,0.789649,0.796327,0.800223,0.792988,0.796884,0.798553,0.802449,0.79911,0.800779,0.800223,0.79744,0.800223,0.801892,0.800779,0.800223,0.796884,0.800779,0.799666,0.790762,0.799666,0.801892,0.803005,0.803005,0.801892,0.803005,0.802449],
  "margin": [0.0527348,0.0666484,0.0813256,0.094145,0.0765384,0.0776777,0.0791554,0.0748682,0.0769582,0.0828893,0.0899729,0.0958511,0.100496,0.103815,0.103764,0.110782,0.114398,0.117356,0.119894,0.122177,0.12488,0.127582,0.127905,0.129,0.130989,0.131045,0.13169,0.136373,0.136532,0.13704,0.138183,0.138123,0.139734,0.140263,0.140654,0.141968,0.141643,0.142406,0.142277,0.141031,0.141435,0.141302,0.140918,0.14116,0.141386,0.142668,0.142306,0.14288,0.143654,0.144158]
}
