{
  "epochs": 30,
  "loss": [2.29873,2.29033,2.28385,2.27453,2.26576,2.25849,2.25492,2.24609,2.23994,2.23266,2.22581,2.21863,2.21337,2.2071,2.20074,2.20972,2.20916,2.20548,2.2109,2.21058,2.22239,2.22821,2.23064,2.23142,2.2297,2.22503,2.22559,2.22207,2.2108,2.19561],
  "accuracy": [0.160824,0.163606,0.130774,0.145242,0.163606,0.171953,0.158598,0.198664,0.20256,0.244296,0.280467,0.32276,0.319421,0.355036,0.374513,0.316082,0.359488,0.40345,0.408459,0.42404,0.409572,0.391208,0.344463,0.309961,0.317195,0.280467,0.297718,0.31163,0.337229,0.35448],
  "margin": [0.0141213,0.0272321,0.0514605,0.0483864,0.0603121,0.0678826,0.091447,0.0772342,0.0921006,0.0754832,0.0756765,0.0711795,0.0738865,0.0686156,0.0668949,0.0645936,0.052458,0.0468963,0.0378755,0.0330426,0.0243937,0.017961,0.0225389,0.0253622,0.0331404,0.0411567,0.0389433,0.0455461,0.0493189,0.0533461]
}
