{
  "test_accuracy_before": 0.081,
  "test_accuracy_after": 0.784,
  "train_accuracy_final": 0.7874234835837507,
  "epochs": 5,
  "batch_size": 16,
  "learning_rate": 0.05,
  "improvement": 0.7030000000000001,
  "confusion_matrix": [
    [
      99,
      0,
      0,
      0,
      0,
      0,
      0,
      0,
      0,
      0
    ],
    [
      0,
      57,
      22,
      1,
      1,
      0,
      9,
      3,
      6,
      3
    ],
    [
      0,
      5,
      86,
      2,
      0,
      0,
      0,
      2,
      5,
      0
    ],
    [
      0,
      0,
      6,
      77,
      0,
      1,
      1,
      0,
      0,
      19
    ],
    [
      0,
      1,
      0,
      0,
      89,
      1,
      2,
      5,
      0,
      0
    ],
    [
      1,
      1,
      0,
      0,
      1,
      74,
      0,
      2,
      0,
      21
    ],
    [
      1,
      1,
      0,
      0,
      1,
      1,
      96,
      0,
      1,
      0
    ],
    [
      0,
      0,
      0,
      0,
      0,
      0,
      0,
      96,
      1,
      2
    ],
    [
      1,
      25,
      9,
      12,
      2,
      1,
      2,
      0,
      41,
      5
    ],
    [
      1,
      4,
      0,
      6,
      10,
      2,
      0,
      7,
      0,
      69
    ]
  ]
}