{
  "epochs": 10,
  "loss": [2.30259,2.30258,2.30259,2.30259,2.30259,2.30258,2.30259,2.30259,2.30259,2.30259],
  "accuracy": [0.099054,0.099054,0.099054,0.099054,0.099054,0.099054,0.099054,0.099054,0.099054,0.099054],
  "margin": [7.08368e-05,6.79653e-05,6.64012e-05,6.57284e-05,6.33814e-05,6.41418e-05,6.42347e-05,6.4438e-05,6.57975e-05,6.31335e-05]
}
