{
  "epochs": 5,
  "accuracy": [0.19,0.195,0.21,0.19,0.22],
  "margin": [0.00106049,0.00105005,0.00103922,0.00107057,0.00111587]
}
