{
  "epochs": 20,
  "loss": [1.87059,1.86639,1.86698,1.86309,1.86027,1.85305,1.85108,1.8469,1.84321,1.84039,1.83766,1.83481,1.83352,1.83065,1.82756,1.82659,1.82234,1.81981,1.81961,1.81878],
  "accuracy": [0.753478,0.747357,0.736784,0.744574,0.752922,0.759043,0.753478,0.762382,0.756817,0.754591,0.754035,0.758486,0.761825,0.765721,0.761269,0.761269,0.758486,0.761269,0.762938,0.761269],
  "margin": [0.137863,0.138389,0.13533,0.137335,0.137454,0.141133,0.144122,0.145517,0.148002,0.143107,0.147148,0.146957,0.146674,0.143666,0.145393,0.1483,0.147264,0.147219,0.146141,0.147475]
}
