{
  "epochs": 25,
  "loss": [0,0,0,0,0,0,0,0,0,0,0,0,0,0,0,0,0,0,0,0,0,0,0,0,0],
  "accuracy": [0.103333,0.103333,0.103333,0.103333,0.103333,0.103333,0.103333,0.103333,0.103333,0.103333,0.103333,0.103333,0.103333,0.103333,0.103333,0.103333,0.103333,0.103333,0.103333,0.103333,0.103333,0.103333,0.103333,0.103333,0.103333],
  "margin": [0,0,0,0,0,0,0,0,0,0,0,0,0,0,0,0,0,0,0,0,0,0,0,0,0]
}
