epoch,loss,accuracy
1,2.09802,0.647746
2,2.09802,0.647746
3,2.09805,0.647746
4,2.09804,0.647746
5,2.09807,0.647746
6,2.09807,0.647746
7,2.09808,0.647746
8,2.09808,0.647746
9,2.09811,0.647746
10,2.09812,0.647746
