{
  "epochs": 20,
  "loss": [2.29388,2.24964,2.16182,2.10759,2.11876,2.14311,2.14168,2.13029,2.12596,2.13692,2.14078,2.14664,2.14866,2.15119,2.15152,2.15289,2.15358,2.15323,2.1551,2.15485],
  "accuracy": [0.191987,0.259321,0.386199,0.568169,0.680022,0.664997,0.670006,0.662771,0.664997,0.668893,0.672231,0.671675,0.668893,0.670006,0.66778,0.670562,0.663328,0.66611,0.664997,0.659432],
  "margin": [0.00886347,0.0310107,0.0730274,0.0730365,0.0500041,0.0374064,0.0347101,0.0321993,0.0278953,0.0232492,0.0218011,0.0203918,0.019783,0.018771,0.0187518,0.0181894,0.0178905,0.0179265,0.0173258,0.0173753]
}
