{
  "epochs": 10,
  "loss": [2.30256,2.30256,2.30257,2.30256,2.30255,2.30257,2.30256,2.30256,2.30257,2.30257],
  "accuracy": [0.099054,0.099054,0.099054,0.099054,0.099054,0.099054,0.099054,0.099054,0.099054,0.099054],
  "margin": [0.000598026,0.000592525,0.000571686,0.000574962,0.000559977,0.000573781,0.000567351,0.00058295,0.000597131,0.000567142]
}
